-- =============================================================================
-- 1. INSERTS PARA LA TABLA: CLIENTE (Generará IDs del 1 al 20)
-- =============================================================================
INSERT INTO CLIENTE (NOMBRE, PASSWORD, DNI) VALUES ('Alejandro Gomez', 'Pass1234', '12345678A');
INSERT INTO CLIENTE (NOMBRE, PASSWORD, DNI) VALUES ('Maria Rodriguez', 'Maria2026', '87654321B');
INSERT INTO CLIENTE (NOMBRE, PASSWORD, DNI) VALUES ('Carlos Martinez', 'Carlos!89', '23456789C');
INSERT INTO CLIENTE (NOMBRE, PASSWORD, DNI) VALUES ('Ana Gutierrez', 'AnaG_442', '98765432D');
INSERT INTO CLIENTE (NOMBRE, PASSWORD, DNI) VALUES ('Javier Lopez', 'JavLop99', '34567890E');
INSERT INTO CLIENTE (NOMBRE, PASSWORD, DNI) VALUES ('Laura Fernandez', 'LauFer26', '09876543F');
INSERT INTO CLIENTE (NOMBRE, PASSWORD, DNI) VALUES ('David Garcia', 'DavidG77', '45678901G');
INSERT INTO CLIENTE (NOMBRE, PASSWORD, DNI) VALUES ('Elena Perez', 'ElePer88', '10987654H');
INSERT INTO CLIENTE (NOMBRE, PASSWORD, DNI) VALUES ('Sergio Sanchez', 'SerSan01', '56789012I');
INSERT INTO CLIENTE (NOMBRE, PASSWORD, DNI) VALUES ('Sofia Rubio', 'SofiR_55', '21098765J');
INSERT INTO CLIENTE (NOMBRE, PASSWORD, DNI) VALUES ('Diego Martin', 'DiegM200', '67890123K');
INSERT INTO CLIENTE (NOMBRE, PASSWORD, DNI) VALUES ('Carmen Ruiz', 'CarmR112', '32109876L');
INSERT INTO CLIENTE (NOMBRE, PASSWORD, DNI) VALUES ('Pablo Alva', 'PablA_99', '78901234M');
INSERT INTO CLIENTE (NOMBRE, PASSWORD, DNI) VALUES ('Lucia Diaz', 'LuDiaz43', '43210987N');
INSERT INTO CLIENTE (NOMBRE, PASSWORD, DNI) VALUES ('Manuel Torres', 'ManTor00', '89012345O');
INSERT INTO CLIENTE (NOMBRE, PASSWORD, DNI) VALUES ('Isabel Castro', 'IsaS_883', '54321098P');
INSERT INTO CLIENTE (NOMBRE, PASSWORD, DNI) VALUES ('Jorge Ramos', 'JorgR771', '90123456Q');
INSERT INTO CLIENTE (NOMBRE, PASSWORD, DNI) VALUES ('Marta Navarro', 'MartN332', '65432109R');
INSERT INTO CLIENTE (NOMBRE, PASSWORD, DNI) VALUES ('Raul Delgado', 'RaulD990', '01234567S');
INSERT INTO CLIENTE (NOMBRE, PASSWORD, DNI) VALUES ('Paula Serrano', 'PaulS881', '76543210T');

-- =============================================================================
-- 2. INSERTS PARA LA TABLA: SALDO (Generará IDs del 1 al 20)
-- =============================================================================
INSERT INTO SALDO (EFECTIVO_DISPONIBLE, EFECTIVO_EMBARGADO) VALUES (1500.50, 0.00);
INSERT INTO SALDO (EFECTIVO_DISPONIBLE, EFECTIVO_EMBARGADO) VALUES (24500.00, 0.00);
INSERT INTO SALDO (EFECTIVO_DISPONIBLE, EFECTIVO_EMBARGADO) VALUES (350.25, 100.00);
INSERT INTO SALDO (EFECTIVO_DISPONIBLE, EFECTIVO_EMBARGADO) VALUES (8900.75, 0.00);
INSERT INTO SALDO (EFECTIVO_DISPONIBLE, EFECTIVO_EMBARGADO) VALUES (45.00, 0.00);
INSERT INTO SALDO (EFECTIVO_DISPONIBLE, EFECTIVO_EMBARGADO) VALUES (1250.00, 500.00);
INSERT INTO SALDO (EFECTIVO_DISPONIBLE, EFECTIVO_EMBARGADO) VALUES (6700.10, 0.00);
INSERT INTO SALDO (EFECTIVO_DISPONIBLE, EFECTIVO_EMBARGADO) VALUES (310.00, 0.00);
INSERT INTO SALDO (EFECTIVO_DISPONIBLE, EFECTIVO_EMBARGADO) VALUES (150.80, 0.00);
INSERT INTO SALDO (EFECTIVO_DISPONIBLE, EFECTIVO_EMBARGADO) VALUES (54000.00, 1200.50);
INSERT INTO SALDO (EFECTIVO_DISPONIBLE, EFECTIVO_EMBARGADO) VALUES (920.45, 0.00);
INSERT INTO SALDO (EFECTIVO_DISPONIBLE, EFECTIVO_EMBARGADO) VALUES (3100.00, 0.00);
INSERT INTO SALDO (EFECTIVO_DISPONIBLE, EFECTIVO_EMBARGADO) VALUES (0.00, 0.00);
INSERT INTO SALDO (EFECTIVO_DISPONIBLE, EFECTIVO_EMBARGADO) VALUES (780.00, 0.00);
INSERT INTO SALDO (EFECTIVO_DISPONIBLE, EFECTIVO_EMBARGADO) VALUES (14500.60, 0.00);
INSERT INTO SALDO (EFECTIVO_DISPONIBLE, EFECTIVO_EMBARGADO) VALUES (620.00, 150.00);
INSERT INTO SALDO (EFECTIVO_DISPONIBLE, EFECTIVO_EMBARGADO) VALUES (2330.15, 0.00);
INSERT INTO SALDO (EFECTIVO_DISPONIBLE, EFECTIVO_EMBARGADO) VALUES (95.40, 0.00);
INSERT INTO SALDO (EFECTIVO_DISPONIBLE, EFECTIVO_EMBARGADO) VALUES (11200.00, 0.00);
INSERT INTO SALDO (EFECTIVO_DISPONIBLE, EFECTIVO_EMBARGADO) VALUES (415.00, 0.00);

-- =============================================================================
-- 3. INSERTS PARA LA TABLA: CUENTA (Une ID_CLIENTE 1..20 con ID_SALDO 1..20)
-- =============================================================================
INSERT INTO CUENTA (ID_CLIENTE, ID_SALDO) VALUES (1, 1);
INSERT INTO CUENTA (ID_CLIENTE, ID_SALDO) VALUES (2, 2);
INSERT INTO CUENTA (ID_CLIENTE, ID_SALDO) VALUES (3, 3);
INSERT INTO CUENTA (ID_CLIENTE, ID_SALDO) VALUES (4, 4);
INSERT INTO CUENTA (ID_CLIENTE, ID_SALDO) VALUES (5, 5);
INSERT INTO CUENTA (ID_CLIENTE, ID_SALDO) VALUES (6, 6);
INSERT INTO CUENTA (ID_CLIENTE, ID_SALDO) VALUES (7, 7);
INSERT INTO CUENTA (ID_CLIENTE, ID_SALDO) VALUES (8, 8);
INSERT INTO CUENTA (ID_CLIENTE, ID_SALDO) VALUES (9, 9);
INSERT INTO CUENTA (ID_CLIENTE, ID_SALDO) VALUES (10, 10);
INSERT INTO CUENTA (ID_CLIENTE, ID_SALDO) VALUES (11, 11);
INSERT INTO CUENTA (ID_CLIENTE, ID_SALDO) VALUES (12, 12);
INSERT INTO CUENTA (ID_CLIENTE, ID_SALDO) VALUES (13, 13);
INSERT INTO CUENTA (ID_CLIENTE, ID_SALDO) VALUES (14, 14);
INSERT INTO CUENTA (ID_CLIENTE, ID_SALDO) VALUES (15, 15);
INSERT INTO CUENTA (ID_CLIENTE, ID_SALDO) VALUES (16, 16);
INSERT INTO CUENTA (ID_CLIENTE, ID_SALDO) VALUES (17, 17);
INSERT INTO CUENTA (ID_CLIENTE, ID_SALDO) VALUES (18, 18);
INSERT INTO CUENTA (ID_CLIENTE, ID_SALDO) VALUES (19, 19);
INSERT INTO CUENTA (ID_CLIENTE, ID_SALDO) VALUES (20, 20);

-- =============================================================================
-- 4. INSERTS PARA LA TABLA: MOVIMIENTO (Distribución exacta por tipo)
-- Cada registro cumple estrictamente la restricción de exclusividad (NULLs requeridos)
-- =============================================================================

-- Bloque A: INGRESOS ('I') -> Solo DINERO_INGRESADO está informado
INSERT INTO MOVIMIENTO (ID_CLIENTE, ID_CUENTA, TIPO, ID_CUENTA_DESTINO, DINERO_TRANSFERIDO, DINERO_INGRESADO, NOMBRE_SERVICIO, PAGO, DINERO_EXTRAIDO) 
VALUES (1, 1, 'I', NULL, NULL, 500.00, NULL, NULL, NULL);
INSERT INTO MOVIMIENTO (ID_CLIENTE, ID_CUENTA, TIPO, ID_CUENTA_DESTINO, DINERO_TRANSFERIDO, DINERO_INGRESADO, NOMBRE_SERVICIO, PAGO, DINERO_EXTRAIDO) 
VALUES (2, 2, 'I', NULL, NULL, 1200.50, NULL, NULL, NULL);
INSERT INTO MOVIMIENTO (ID_CLIENTE, ID_CUENTA, TIPO, ID_CUENTA_DESTINO, DINERO_TRANSFERIDO, DINERO_INGRESADO, NOMBRE_SERVICIO, PAGO, DINERO_EXTRAIDO) 
VALUES (3, 3, 'I', NULL, NULL, 50.00, NULL, NULL, NULL);
INSERT INTO MOVIMIENTO (ID_CLIENTE, ID_CUENTA, TIPO, ID_CUENTA_DESTINO, DINERO_TRANSFERIDO, DINERO_INGRESADO, NOMBRE_SERVICIO, PAGO, DINERO_EXTRAIDO) 
VALUES (4, 4, 'I', NULL, NULL, 3000.00, NULL, NULL, NULL);
INSERT INTO MOVIMIENTO (ID_CLIENTE, ID_CUENTA, TIPO, ID_CUENTA_DESTINO, DINERO_TRANSFERIDO, DINERO_INGRESADO, NOMBRE_SERVICIO, PAGO, DINERO_EXTRAIDO) 
VALUES (5, 5, 'I', NULL, NULL, 15.00, NULL, NULL, NULL);

-- Bloque B: TRANSFERENCIAS ('T') -> Solo ID_CUENTA_DESTINO y DINERO_TRANSFERIDO informados
INSERT INTO MOVIMIENTO (ID_CLIENTE, ID_CUENTA, TIPO, ID_CUENTA_DESTINO, DINERO_TRANSFERIDO, DINERO_INGRESADO, NOMBRE_SERVICIO, PAGO, DINERO_EXTRAIDO) 
VALUES (6, 6, 'T', 7, 150.00, NULL, NULL, NULL, NULL);
INSERT INTO MOVIMIENTO (ID_CLIENTE, ID_CUENTA, TIPO, ID_CUENTA_DESTINO, DINERO_TRANSFERIDO, DINERO_INGRESADO, NOMBRE_SERVICIO, PAGO, DINERO_EXTRAIDO) 
VALUES (7, 7, 'T', 8, 25.00, NULL, NULL, NULL, NULL);
INSERT INTO MOVIMIENTO (ID_CLIENTE, ID_CUENTA, TIPO, ID_CUENTA_DESTINO, DINERO_TRANSFERIDO, DINERO_INGRESADO, NOMBRE_SERVICIO, PAGO, DINERO_EXTRAIDO) 
VALUES (8, 8, 'T', 1, 300.00, NULL, NULL, NULL, NULL);
INSERT INTO MOVIMIENTO (ID_CLIENTE, ID_CUENTA, TIPO, ID_CUENTA_DESTINO, DINERO_TRANSFERIDO, DINERO_INGRESADO, NOMBRE_SERVICIO, PAGO, DINERO_EXTRAIDO) 
VALUES (9, 9, 'T', 2, 80.00, NULL, NULL, NULL, NULL);
INSERT INTO MOVIMIENTO (ID_CLIENTE, ID_CUENTA, TIPO, ID_CUENTA_DESTINO, DINERO_TRANSFERIDO, DINERO_INGRESADO, NOMBRE_SERVICIO, PAGO, DINERO_EXTRAIDO) 
VALUES (10, 10, 'T', 3, 5000.00, NULL, NULL, NULL, NULL);

-- Bloque C: PAGOS DE SERVICIOS ('P') -> Solo NOMBRE_SERVICIO y PAGO informados
INSERT INTO MOVIMIENTO (ID_CLIENTE, ID_CUENTA, TIPO, ID_CUENTA_DESTINO, DINERO_TRANSFERIDO, DINERO_INGRESADO, NOMBRE_SERVICIO, PAGO, DINERO_EXTRAIDO) 
VALUES (11, 11, 'P', NULL, NULL, NULL, 'Netflix Madrid', 17.99, NULL);
INSERT INTO MOVIMIENTO (ID_CLIENTE, ID_CUENTA, TIPO, ID_CUENTA_DESTINO, DINERO_TRANSFERIDO, DINERO_INGRESADO, NOMBRE_SERVICIO, PAGO, DINERO_EXTRAIDO) 
VALUES (12, 12, 'P', NULL, NULL, NULL, 'Iberdrola Luz', 85.40, NULL);
INSERT INTO MOVIMIENTO (ID_CLIENTE, ID_CUENTA, TIPO, ID_CUENTA_DESTINO, DINERO_TRANSFERIDO, DINERO_INGRESADO, NOMBRE_SERVICIO, PAGO, DINERO_EXTRAIDO) 
VALUES (13, 13, 'P', NULL, NULL, NULL, 'Comunidad Propietarios', 60.00, NULL);
INSERT INTO MOVIMIENTO (ID_CLIENTE, ID_CUENTA, TIPO, ID_CUENTA_DESTINO, DINERO_TRANSFERIDO, DINERO_INGRESADO, NOMBRE_SERVICIO, PAGO, DINERO_EXTRAIDO) 
VALUES (14, 14, 'P', NULL, NULL, NULL, 'Amazon Prime', 4.99, NULL);
INSERT INTO MOVIMIENTO (ID_CLIENTE, ID_CUENTA, TIPO, ID_CUENTA_DESTINO, DINERO_TRANSFERIDO, DINERO_INGRESADO, NOMBRE_SERVICIO, PAGO, DINERO_EXTRAIDO) 
VALUES (15, 15, 'P', NULL, NULL, NULL, 'Vodafone Fibra', 42.15, NULL);

-- Bloque D: EXTRACCIONES ('E') -> Solo DINERO_EXTRAIDO está informado
INSERT INTO MOVIMIENTO (ID_CLIENTE, ID_CUENTA, TIPO, ID_CUENTA_DESTINO, DINERO_TRANSFERIDO, DINERO_INGRESADO, NOMBRE_SERVICIO, PAGO, DINERO_EXTRAIDO) 
VALUES (16, 16, 'E', NULL, NULL, NULL, NULL, NULL, 50.00);
INSERT INTO MOVIMIENTO (ID_CLIENTE, ID_CUENTA, TIPO, ID_CUENTA_DESTINO, DINERO_TRANSFERIDO, DINERO_INGRESADO, NOMBRE_SERVICIO, PAGO, DINERO_EXTRAIDO) 
VALUES (17, 17, 'E', NULL, NULL, NULL, NULL, NULL, 100.00);
INSERT INTO MOVIMIENTO (ID_CLIENTE, ID_CUENTA, TIPO, ID_CUENTA_DESTINO, DINERO_TRANSFERIDO, DINERO_INGRESADO, NOMBRE_SERVICIO, PAGO, DINERO_EXTRAIDO) 
VALUES (18, 18, 'E', NULL, NULL, NULL, NULL, NULL, 20.00);
INSERT INTO MOVIMIENTO (ID_CLIENTE, ID_CUENTA, TIPO, ID_CUENTA_DESTINO, DINERO_TRANSFERIDO, DINERO_INGRESADO, NOMBRE_SERVICIO, PAGO, DINERO_EXTRAIDO) 
VALUES (19, 19, 'E', NULL, NULL, NULL, NULL, NULL, 200.00);
INSERT INTO MOVIMIENTO (ID_CLIENTE, ID_CUENTA, TIPO, ID_CUENTA_DESTINO, DINERO_TRANSFERIDO, DINERO_INGRESADO, NOMBRE_SERVICIO, PAGO, DINERO_EXTRAIDO) 
VALUES (20, 20, 'E', NULL, NULL, NULL, NULL, NULL, 10.00);
